{"epoch": 1, "train_loss": 4.182453155517578, "raw_loss": 5.926172256469727, "wd_0": 0.01, "sqr_mom_0": 0.99, "lr_0": 8.679065285227029e-08, "mom_0": 0.9499923208579233, "eps_0": 1e-06, "beta_0": 0.0, "wd_1": 0.01, "sqr_mom_1": 0.99, "lr_1": 8.679065285227029e-08, "mom_1": 0.9499923208579233, "eps_1": 1e-06, "beta_1": 0.0, "wd_2": 0.01, "sqr_mom_2": 0.99, "lr_2": 8.679065285227029e-08, "mom_2": 0.9499923208579233, "eps_2": 1e-06, "beta_2": 0.0, "_timestamp": 1665200188.613954, "train_samples_per_sec": 6.386937984721414, "_runtime": 146.0403380393982, "_step": 238, "valid_loss": 3.848344087600708, "rouge1": 0.2495537958773253, "rouge2": 0.11204481792717087, "rougeL": 0.24290113481289954, "rougeLsum": 0.24117377720318894, "_wandb": {"runtime": 141}}